[
  {
    "model": "admin.logentry",
    "pk": 1,
    "fields": {
      "action_time": "2023-06-25T21:29:19.769Z",
      "user": 3,
      "content_type": 4,
      "object_id": "3",
      "object_repr": "alexzhaba",
      "action_flag": 2,
      "change_message": "[{\"changed\": {\"fields\": [\"Staff status\", \"Superuser status\"]}}]"
    }
  },
  {
    "model": "admin.logentry",
    "pk": 2,
    "fields": {
      "action_time": "2023-06-27T19:59:35.465Z",
      "user": 4,
      "content_type": 17,
      "object_id": "1",
      "object_repr": "Category object (1)",
      "action_flag": 1,
      "change_message": "[{\"added\": {}}]"
    }
  },
  {
    "model": "admin.logentry",
    "pk": 3,
    "fields": {
      "action_time": "2023-06-27T19:59:49.388Z",
      "user": 4,
      "content_type": 18,
      "object_id": "1",
      "object_repr": "Product object (1)",
      "action_flag": 1,
      "change_message": "[{\"added\": {}}]"
    }
  },
  {
    "model": "admin.logentry",
    "pk": 4,
    "fields": {
      "action_time": "2023-06-27T20:00:10.771Z",
      "user": 4,
      "content_type": 19,
      "object_id": "1",
      "object_repr": "Review object (1)",
      "action_flag": 1,
      "change_message": "[{\"added\": {}}]"
    }
  },
  {
    "model": "admin.logentry",
    "pk": 5,
    "fields": {
      "action_time": "2023-06-27T20:55:24.527Z",
      "user": 4,
      "content_type": 20,
      "object_id": "1",
      "object_repr": "Specification object (1)",
      "action_flag": 1,
      "change_message": "[{\"added\": {}}]"
    }
  },
  {
    "model": "admin.logentry",
    "pk": 6,
    "fields": {
      "action_time": "2023-06-27T20:55:36.531Z",
      "user": 4,
      "content_type": 21,
      "object_id": "1",
      "object_repr": "ProductSpecification object (1)",
      "action_flag": 1,
      "change_message": "[{\"added\": {}}]"
    }
  },
  {
    "model": "admin.logentry",
    "pk": 7,
    "fields": {
      "action_time": "2023-06-27T21:19:44.573Z",
      "user": 4,
      "content_type": 22,
      "object_id": "1",
      "object_repr": "Image object (1)",
      "action_flag": 1,
      "change_message": "[{\"added\": {}}]"
    }
  },
  {
    "model": "auth.permission",
    "pk": 1,
    "fields": {
      "name": "Can add log entry",
      "content_type": 1,
      "codename": "add_logentry"
    }
  },
  {
    "model": "auth.permission",
    "pk": 2,
    "fields": {
      "name": "Can change log entry",
      "content_type": 1,
      "codename": "change_logentry"
    }
  },
  {
    "model": "auth.permission",
    "pk": 3,
    "fields": {
      "name": "Can delete log entry",
      "content_type": 1,
      "codename": "delete_logentry"
    }
  },
  {
    "model": "auth.permission",
    "pk": 4,
    "fields": {
      "name": "Can view log entry",
      "content_type": 1,
      "codename": "view_logentry"
    }
  },
  {
    "model": "auth.permission",
    "pk": 5,
    "fields": {
      "name": "Can add permission",
      "content_type": 2,
      "codename": "add_permission"
    }
  },
  {
    "model": "auth.permission",
    "pk": 6,
    "fields": {
      "name": "Can change permission",
      "content_type": 2,
      "codename": "change_permission"
    }
  },
  {
    "model": "auth.permission",
    "pk": 7,
    "fields": {
      "name": "Can delete permission",
      "content_type": 2,
      "codename": "delete_permission"
    }
  },
  {
    "model": "auth.permission",
    "pk": 8,
    "fields": {
      "name": "Can view permission",
      "content_type": 2,
      "codename": "view_permission"
    }
  },
  {
    "model": "auth.permission",
    "pk": 9,
    "fields": {
      "name": "Can add group",
      "content_type": 3,
      "codename": "add_group"
    }
  },
  {
    "model": "auth.permission",
    "pk": 10,
    "fields": {
      "name": "Can change group",
      "content_type": 3,
      "codename": "change_group"
    }
  },
  {
    "model": "auth.permission",
    "pk": 11,
    "fields": {
      "name": "Can delete group",
      "content_type": 3,
      "codename": "delete_group"
    }
  },
  {
    "model": "auth.permission",
    "pk": 12,
    "fields": {
      "name": "Can view group",
      "content_type": 3,
      "codename": "view_group"
    }
  },
  {
    "model": "auth.permission",
    "pk": 13,
    "fields": {
      "name": "Can add user",
      "content_type": 4,
      "codename": "add_user"
    }
  },
  {
    "model": "auth.permission",
    "pk": 14,
    "fields": {
      "name": "Can change user",
      "content_type": 4,
      "codename": "change_user"
    }
  },
  {
    "model": "auth.permission",
    "pk": 15,
    "fields": {
      "name": "Can delete user",
      "content_type": 4,
      "codename": "delete_user"
    }
  },
  {
    "model": "auth.permission",
    "pk": 16,
    "fields": {
      "name": "Can view user",
      "content_type": 4,
      "codename": "view_user"
    }
  },
  {
    "model": "auth.permission",
    "pk": 17,
    "fields": {
      "name": "Can add content type",
      "content_type": 5,
      "codename": "add_contenttype"
    }
  },
  {
    "model": "auth.permission",
    "pk": 18,
    "fields": {
      "name": "Can change content type",
      "content_type": 5,
      "codename": "change_contenttype"
    }
  },
  {
    "model": "auth.permission",
    "pk": 19,
    "fields": {
      "name": "Can delete content type",
      "content_type": 5,
      "codename": "delete_contenttype"
    }
  },
  {
    "model": "auth.permission",
    "pk": 20,
    "fields": {
      "name": "Can view content type",
      "content_type": 5,
      "codename": "view_contenttype"
    }
  },
  {
    "model": "auth.permission",
    "pk": 21,
    "fields": {
      "name": "Can add session",
      "content_type": 6,
      "codename": "add_session"
    }
  },
  {
    "model": "auth.permission",
    "pk": 22,
    "fields": {
      "name": "Can change session",
      "content_type": 6,
      "codename": "change_session"
    }
  },
  {
    "model": "auth.permission",
    "pk": 23,
    "fields": {
      "name": "Can delete session",
      "content_type": 6,
      "codename": "delete_session"
    }
  },
  {
    "model": "auth.permission",
    "pk": 24,
    "fields": {
      "name": "Can view session",
      "content_type": 6,
      "codename": "view_session"
    }
  },
  {
    "model": "auth.permission",
    "pk": 25,
    "fields": {
      "name": "Can add application",
      "content_type": 7,
      "codename": "add_application"
    }
  },
  {
    "model": "auth.permission",
    "pk": 26,
    "fields": {
      "name": "Can change application",
      "content_type": 7,
      "codename": "change_application"
    }
  },
  {
    "model": "auth.permission",
    "pk": 27,
    "fields": {
      "name": "Can delete application",
      "content_type": 7,
      "codename": "delete_application"
    }
  },
  {
    "model": "auth.permission",
    "pk": 28,
    "fields": {
      "name": "Can view application",
      "content_type": 7,
      "codename": "view_application"
    }
  },
  {
    "model": "auth.permission",
    "pk": 29,
    "fields": {
      "name": "Can add access token",
      "content_type": 8,
      "codename": "add_accesstoken"
    }
  },
  {
    "model": "auth.permission",
    "pk": 30,
    "fields": {
      "name": "Can change access token",
      "content_type": 8,
      "codename": "change_accesstoken"
    }
  },
  {
    "model": "auth.permission",
    "pk": 31,
    "fields": {
      "name": "Can delete access token",
      "content_type": 8,
      "codename": "delete_accesstoken"
    }
  },
  {
    "model": "auth.permission",
    "pk": 32,
    "fields": {
      "name": "Can view access token",
      "content_type": 8,
      "codename": "view_accesstoken"
    }
  },
  {
    "model": "auth.permission",
    "pk": 33,
    "fields": {
      "name": "Can add grant",
      "content_type": 9,
      "codename": "add_grant"
    }
  },
  {
    "model": "auth.permission",
    "pk": 34,
    "fields": {
      "name": "Can change grant",
      "content_type": 9,
      "codename": "change_grant"
    }
  },
  {
    "model": "auth.permission",
    "pk": 35,
    "fields": {
      "name": "Can delete grant",
      "content_type": 9,
      "codename": "delete_grant"
    }
  },
  {
    "model": "auth.permission",
    "pk": 36,
    "fields": {
      "name": "Can view grant",
      "content_type": 9,
      "codename": "view_grant"
    }
  },
  {
    "model": "auth.permission",
    "pk": 37,
    "fields": {
      "name": "Can add refresh token",
      "content_type": 10,
      "codename": "add_refreshtoken"
    }
  },
  {
    "model": "auth.permission",
    "pk": 38,
    "fields": {
      "name": "Can change refresh token",
      "content_type": 10,
      "codename": "change_refreshtoken"
    }
  },
  {
    "model": "auth.permission",
    "pk": 39,
    "fields": {
      "name": "Can delete refresh token",
      "content_type": 10,
      "codename": "delete_refreshtoken"
    }
  },
  {
    "model": "auth.permission",
    "pk": 40,
    "fields": {
      "name": "Can view refresh token",
      "content_type": 10,
      "codename": "view_refreshtoken"
    }
  },
  {
    "model": "auth.permission",
    "pk": 41,
    "fields": {
      "name": "Can add id token",
      "content_type": 11,
      "codename": "add_idtoken"
    }
  },
  {
    "model": "auth.permission",
    "pk": 42,
    "fields": {
      "name": "Can change id token",
      "content_type": 11,
      "codename": "change_idtoken"
    }
  },
  {
    "model": "auth.permission",
    "pk": 43,
    "fields": {
      "name": "Can delete id token",
      "content_type": 11,
      "codename": "delete_idtoken"
    }
  },
  {
    "model": "auth.permission",
    "pk": 44,
    "fields": {
      "name": "Can view id token",
      "content_type": 11,
      "codename": "view_idtoken"
    }
  },
  {
    "model": "auth.permission",
    "pk": 45,
    "fields": {
      "name": "Can add association",
      "content_type": 12,
      "codename": "add_association"
    }
  },
  {
    "model": "auth.permission",
    "pk": 46,
    "fields": {
      "name": "Can change association",
      "content_type": 12,
      "codename": "change_association"
    }
  },
  {
    "model": "auth.permission",
    "pk": 47,
    "fields": {
      "name": "Can delete association",
      "content_type": 12,
      "codename": "delete_association"
    }
  },
  {
    "model": "auth.permission",
    "pk": 48,
    "fields": {
      "name": "Can view association",
      "content_type": 12,
      "codename": "view_association"
    }
  },
  {
    "model": "auth.permission",
    "pk": 49,
    "fields": {
      "name": "Can add code",
      "content_type": 13,
      "codename": "add_code"
    }
  },
  {
    "model": "auth.permission",
    "pk": 50,
    "fields": {
      "name": "Can change code",
      "content_type": 13,
      "codename": "change_code"
    }
  },
  {
    "model": "auth.permission",
    "pk": 51,
    "fields": {
      "name": "Can delete code",
      "content_type": 13,
      "codename": "delete_code"
    }
  },
  {
    "model": "auth.permission",
    "pk": 52,
    "fields": {
      "name": "Can view code",
      "content_type": 13,
      "codename": "view_code"
    }
  },
  {
    "model": "auth.permission",
    "pk": 53,
    "fields": {
      "name": "Can add nonce",
      "content_type": 14,
      "codename": "add_nonce"
    }
  },
  {
    "model": "auth.permission",
    "pk": 54,
    "fields": {
      "name": "Can change nonce",
      "content_type": 14,
      "codename": "change_nonce"
    }
  },
  {
    "model": "auth.permission",
    "pk": 55,
    "fields": {
      "name": "Can delete nonce",
      "content_type": 14,
      "codename": "delete_nonce"
    }
  },
  {
    "model": "auth.permission",
    "pk": 56,
    "fields": {
      "name": "Can view nonce",
      "content_type": 14,
      "codename": "view_nonce"
    }
  },
  {
    "model": "auth.permission",
    "pk": 57,
    "fields": {
      "name": "Can add user social auth",
      "content_type": 15,
      "codename": "add_usersocialauth"
    }
  },
  {
    "model": "auth.permission",
    "pk": 58,
    "fields": {
      "name": "Can change user social auth",
      "content_type": 15,
      "codename": "change_usersocialauth"
    }
  },
  {
    "model": "auth.permission",
    "pk": 59,
    "fields": {
      "name": "Can delete user social auth",
      "content_type": 15,
      "codename": "delete_usersocialauth"
    }
  },
  {
    "model": "auth.permission",
    "pk": 60,
    "fields": {
      "name": "Can view user social auth",
      "content_type": 15,
      "codename": "view_usersocialauth"
    }
  },
  {
    "model": "auth.permission",
    "pk": 61,
    "fields": {
      "name": "Can add partial",
      "content_type": 16,
      "codename": "add_partial"
    }
  },
  {
    "model": "auth.permission",
    "pk": 62,
    "fields": {
      "name": "Can change partial",
      "content_type": 16,
      "codename": "change_partial"
    }
  },
  {
    "model": "auth.permission",
    "pk": 63,
    "fields": {
      "name": "Can delete partial",
      "content_type": 16,
      "codename": "delete_partial"
    }
  },
  {
    "model": "auth.permission",
    "pk": 64,
    "fields": {
      "name": "Can view partial",
      "content_type": 16,
      "codename": "view_partial"
    }
  },
  {
    "model": "auth.permission",
    "pk": 65,
    "fields": {
      "name": "Can add category",
      "content_type": 17,
      "codename": "add_category"
    }
  },
  {
    "model": "auth.permission",
    "pk": 66,
    "fields": {
      "name": "Can change category",
      "content_type": 17,
      "codename": "change_category"
    }
  },
  {
    "model": "auth.permission",
    "pk": 67,
    "fields": {
      "name": "Can delete category",
      "content_type": 17,
      "codename": "delete_category"
    }
  },
  {
    "model": "auth.permission",
    "pk": 68,
    "fields": {
      "name": "Can view category",
      "content_type": 17,
      "codename": "view_category"
    }
  },
  {
    "model": "auth.permission",
    "pk": 69,
    "fields": {
      "name": "Can add product",
      "content_type": 18,
      "codename": "add_product"
    }
  },
  {
    "model": "auth.permission",
    "pk": 70,
    "fields": {
      "name": "Can change product",
      "content_type": 18,
      "codename": "change_product"
    }
  },
  {
    "model": "auth.permission",
    "pk": 71,
    "fields": {
      "name": "Can delete product",
      "content_type": 18,
      "codename": "delete_product"
    }
  },
  {
    "model": "auth.permission",
    "pk": 72,
    "fields": {
      "name": "Can view product",
      "content_type": 18,
      "codename": "view_product"
    }
  },
  {
    "model": "auth.permission",
    "pk": 73,
    "fields": {
      "name": "Can add review",
      "content_type": 19,
      "codename": "add_review"
    }
  },
  {
    "model": "auth.permission",
    "pk": 74,
    "fields": {
      "name": "Can change review",
      "content_type": 19,
      "codename": "change_review"
    }
  },
  {
    "model": "auth.permission",
    "pk": 75,
    "fields": {
      "name": "Can delete review",
      "content_type": 19,
      "codename": "delete_review"
    }
  },
  {
    "model": "auth.permission",
    "pk": 76,
    "fields": {
      "name": "Can view review",
      "content_type": 19,
      "codename": "view_review"
    }
  },
  {
    "model": "auth.permission",
    "pk": 77,
    "fields": {
      "name": "Can add specification",
      "content_type": 20,
      "codename": "add_specification"
    }
  },
  {
    "model": "auth.permission",
    "pk": 78,
    "fields": {
      "name": "Can change specification",
      "content_type": 20,
      "codename": "change_specification"
    }
  },
  {
    "model": "auth.permission",
    "pk": 79,
    "fields": {
      "name": "Can delete specification",
      "content_type": 20,
      "codename": "delete_specification"
    }
  },
  {
    "model": "auth.permission",
    "pk": 80,
    "fields": {
      "name": "Can view specification",
      "content_type": 20,
      "codename": "view_specification"
    }
  },
  {
    "model": "auth.permission",
    "pk": 81,
    "fields": {
      "name": "Can add product specification",
      "content_type": 21,
      "codename": "add_productspecification"
    }
  },
  {
    "model": "auth.permission",
    "pk": 82,
    "fields": {
      "name": "Can change product specification",
      "content_type": 21,
      "codename": "change_productspecification"
    }
  },
  {
    "model": "auth.permission",
    "pk": 83,
    "fields": {
      "name": "Can delete product specification",
      "content_type": 21,
      "codename": "delete_productspecification"
    }
  },
  {
    "model": "auth.permission",
    "pk": 84,
    "fields": {
      "name": "Can view product specification",
      "content_type": 21,
      "codename": "view_productspecification"
    }
  },
  {
    "model": "auth.permission",
    "pk": 85,
    "fields": {
      "name": "Can add image",
      "content_type": 22,
      "codename": "add_image"
    }
  },
  {
    "model": "auth.permission",
    "pk": 86,
    "fields": {
      "name": "Can change image",
      "content_type": 22,
      "codename": "change_image"
    }
  },
  {
    "model": "auth.permission",
    "pk": 87,
    "fields": {
      "name": "Can delete image",
      "content_type": 22,
      "codename": "delete_image"
    }
  },
  {
    "model": "auth.permission",
    "pk": 88,
    "fields": {
      "name": "Can view image",
      "content_type": 22,
      "codename": "view_image"
    }
  },
  {
    "model": "auth.permission",
    "pk": 89,
    "fields": {
      "name": "Can add crontab",
      "content_type": 23,
      "codename": "add_crontabschedule"
    }
  },
  {
    "model": "auth.permission",
    "pk": 90,
    "fields": {
      "name": "Can change crontab",
      "content_type": 23,
      "codename": "change_crontabschedule"
    }
  },
  {
    "model": "auth.permission",
    "pk": 91,
    "fields": {
      "name": "Can delete crontab",
      "content_type": 23,
      "codename": "delete_crontabschedule"
    }
  },
  {
    "model": "auth.permission",
    "pk": 92,
    "fields": {
      "name": "Can view crontab",
      "content_type": 23,
      "codename": "view_crontabschedule"
    }
  },
  {
    "model": "auth.permission",
    "pk": 93,
    "fields": {
      "name": "Can add interval",
      "content_type": 24,
      "codename": "add_intervalschedule"
    }
  },
  {
    "model": "auth.permission",
    "pk": 94,
    "fields": {
      "name": "Can change interval",
      "content_type": 24,
      "codename": "change_intervalschedule"
    }
  },
  {
    "model": "auth.permission",
    "pk": 95,
    "fields": {
      "name": "Can delete interval",
      "content_type": 24,
      "codename": "delete_intervalschedule"
    }
  },
  {
    "model": "auth.permission",
    "pk": 96,
    "fields": {
      "name": "Can view interval",
      "content_type": 24,
      "codename": "view_intervalschedule"
    }
  },
  {
    "model": "auth.permission",
    "pk": 97,
    "fields": {
      "name": "Can add periodic task",
      "content_type": 25,
      "codename": "add_periodictask"
    }
  },
  {
    "model": "auth.permission",
    "pk": 98,
    "fields": {
      "name": "Can change periodic task",
      "content_type": 25,
      "codename": "change_periodictask"
    }
  },
  {
    "model": "auth.permission",
    "pk": 99,
    "fields": {
      "name": "Can delete periodic task",
      "content_type": 25,
      "codename": "delete_periodictask"
    }
  },
  {
    "model": "auth.permission",
    "pk": 100,
    "fields": {
      "name": "Can view periodic task",
      "content_type": 25,
      "codename": "view_periodictask"
    }
  },
  {
    "model": "auth.permission",
    "pk": 101,
    "fields": {
      "name": "Can add periodic tasks",
      "content_type": 26,
      "codename": "add_periodictasks"
    }
  },
  {
    "model": "auth.permission",
    "pk": 102,
    "fields": {
      "name": "Can change periodic tasks",
      "content_type": 26,
      "codename": "change_periodictasks"
    }
  },
  {
    "model": "auth.permission",
    "pk": 103,
    "fields": {
      "name": "Can delete periodic tasks",
      "content_type": 26,
      "codename": "delete_periodictasks"
    }
  },
  {
    "model": "auth.permission",
    "pk": 104,
    "fields": {
      "name": "Can view periodic tasks",
      "content_type": 26,
      "codename": "view_periodictasks"
    }
  },
  {
    "model": "auth.permission",
    "pk": 105,
    "fields": {
      "name": "Can add solar event",
      "content_type": 27,
      "codename": "add_solarschedule"
    }
  },
  {
    "model": "auth.permission",
    "pk": 106,
    "fields": {
      "name": "Can change solar event",
      "content_type": 27,
      "codename": "change_solarschedule"
    }
  },
  {
    "model": "auth.permission",
    "pk": 107,
    "fields": {
      "name": "Can delete solar event",
      "content_type": 27,
      "codename": "delete_solarschedule"
    }
  },
  {
    "model": "auth.permission",
    "pk": 108,
    "fields": {
      "name": "Can view solar event",
      "content_type": 27,
      "codename": "view_solarschedule"
    }
  },
  {
    "model": "auth.permission",
    "pk": 109,
    "fields": {
      "name": "Can add clocked",
      "content_type": 28,
      "codename": "add_clockedschedule"
    }
  },
  {
    "model": "auth.permission",
    "pk": 110,
    "fields": {
      "name": "Can change clocked",
      "content_type": 28,
      "codename": "change_clockedschedule"
    }
  },
  {
    "model": "auth.permission",
    "pk": 111,
    "fields": {
      "name": "Can delete clocked",
      "content_type": 28,
      "codename": "delete_clockedschedule"
    }
  },
  {
    "model": "auth.permission",
    "pk": 112,
    "fields": {
      "name": "Can view clocked",
      "content_type": 28,
      "codename": "view_clockedschedule"
    }
  },
  {
    "model": "auth.user",
    "pk": 2,
    "fields": {
      "password": "pbkdf2_sha256$320000$v1LwN4WhK69Ave15Pi2swq$3RiXfQbEV6u/RNF7WAf25GhskvSLb3wy+XAkFvCKp3A=",
      "last_login": null,
      "is_superuser": true,
      "username": "admin",
      "first_name": "",
      "last_name": "",
      "email": "admin@mail.ru",
      "is_staff": true,
      "is_active": true,
      "date_joined": "2023-05-01T20:20:55.463Z",
      "groups": [],
      "user_permissions": []
    }
  },
  {
    "model": "auth.user",
    "pk": 3,
    "fields": {
      "password": "pbkdf2_sha256$390000$5FCA8RjfOTm6fXgeRqJyru$CUu+N7mj5cGOLKR+j/G8tApqWk0RzIDiZ6+PyACWAIQ=",
      "last_login": "2023-06-25T21:28:48Z",
      "is_superuser": false,
      "username": "alexzhaba",
      "first_name": "Саша",
      "last_name": "Жаворонков",
      "email": "",
      "is_staff": false,
      "is_active": true,
      "date_joined": "2023-06-25T21:16:47Z",
      "groups": [],
      "user_permissions": []
    }
  },
  {
    "model": "auth.user",
    "pk": 4,
    "fields": {
      "password": "pbkdf2_sha256$390000$DPurn5wUfZFPKNR3uz1gfX$+3ad8jOgEHmQeJyp0R1OYSCet8CJDs3t1AYY4X1xPa8=",
      "last_login": "2023-06-27T19:41:19.455Z",
      "is_superuser": true,
      "username": "testadmin",
      "first_name": "",
      "last_name": "",
      "email": "",
      "is_staff": true,
      "is_active": true,
      "date_joined": "2023-06-27T19:41:07.332Z",
      "groups": [],
      "user_permissions": []
    }
  },
  {
    "model": "auth.user",
    "pk": 5,
    "fields": {
      "password": "!Ln5eKEigFWUlZV0x9AIlNKMuSiXnID0HWqzI64bb",
      "last_login": "2023-06-27T19:50:02.905Z",
      "is_superuser": false,
      "username": "opacincopa",
      "first_name": "Илья",
      "last_name": "Беляев",
      "email": "",
      "is_staff": false,
      "is_active": true,
      "date_joined": "2023-06-27T19:50:02.830Z",
      "groups": [],
      "user_permissions": []
    }
  },
  {
    "model": "contenttypes.contenttype",
    "pk": 1,
    "fields": { "app_label": "admin", "model": "logentry" }
  },
  {
    "model": "contenttypes.contenttype",
    "pk": 2,
    "fields": { "app_label": "auth", "model": "permission" }
  },
  {
    "model": "contenttypes.contenttype",
    "pk": 3,
    "fields": { "app_label": "auth", "model": "group" }
  },
  {
    "model": "contenttypes.contenttype",
    "pk": 4,
    "fields": { "app_label": "auth", "model": "user" }
  },
  {
    "model": "contenttypes.contenttype",
    "pk": 5,
    "fields": { "app_label": "contenttypes", "model": "contenttype" }
  },
  {
    "model": "contenttypes.contenttype",
    "pk": 6,
    "fields": { "app_label": "sessions", "model": "session" }
  },
  {
    "model": "contenttypes.contenttype",
    "pk": 7,
    "fields": { "app_label": "oauth2_provider", "model": "application" }
  },
  {
    "model": "contenttypes.contenttype",
    "pk": 8,
    "fields": { "app_label": "oauth2_provider", "model": "accesstoken" }
  },
  {
    "model": "contenttypes.contenttype",
    "pk": 9,
    "fields": { "app_label": "oauth2_provider", "model": "grant" }
  },
  {
    "model": "contenttypes.contenttype",
    "pk": 10,
    "fields": { "app_label": "oauth2_provider", "model": "refreshtoken" }
  },
  {
    "model": "contenttypes.contenttype",
    "pk": 11,
    "fields": { "app_label": "oauth2_provider", "model": "idtoken" }
  },
  {
    "model": "contenttypes.contenttype",
    "pk": 12,
    "fields": { "app_label": "social_django", "model": "association" }
  },
  {
    "model": "contenttypes.contenttype",
    "pk": 13,
    "fields": { "app_label": "social_django", "model": "code" }
  },
  {
    "model": "contenttypes.contenttype",
    "pk": 14,
    "fields": { "app_label": "social_django", "model": "nonce" }
  },
  {
    "model": "contenttypes.contenttype",
    "pk": 15,
    "fields": { "app_label": "social_django", "model": "usersocialauth" }
  },
  {
    "model": "contenttypes.contenttype",
    "pk": 16,
    "fields": { "app_label": "social_django", "model": "partial" }
  },
  {
    "model": "contenttypes.contenttype",
    "pk": 17,
    "fields": { "app_label": "shop", "model": "category" }
  },
  {
    "model": "contenttypes.contenttype",
    "pk": 18,
    "fields": { "app_label": "shop", "model": "product" }
  },
  {
    "model": "contenttypes.contenttype",
    "pk": 19,
    "fields": { "app_label": "shop", "model": "review" }
  },
  {
    "model": "contenttypes.contenttype",
    "pk": 20,
    "fields": { "app_label": "shop", "model": "specification" }
  },
  {
    "model": "contenttypes.contenttype",
    "pk": 21,
    "fields": { "app_label": "shop", "model": "productspecification" }
  },
  {
    "model": "contenttypes.contenttype",
    "pk": 22,
    "fields": { "app_label": "shop", "model": "image" }
  },
  {
    "model": "contenttypes.contenttype",
    "pk": 23,
    "fields": { "app_label": "django_celery_beat", "model": "crontabschedule" }
  },
  {
    "model": "contenttypes.contenttype",
    "pk": 24,
    "fields": { "app_label": "django_celery_beat", "model": "intervalschedule" }
  },
  {
    "model": "contenttypes.contenttype",
    "pk": 25,
    "fields": { "app_label": "django_celery_beat", "model": "periodictask" }
  },
  {
    "model": "contenttypes.contenttype",
    "pk": 26,
    "fields": { "app_label": "django_celery_beat", "model": "periodictasks" }
  },
  {
    "model": "contenttypes.contenttype",
    "pk": 27,
    "fields": { "app_label": "django_celery_beat", "model": "solarschedule" }
  },
  {
    "model": "contenttypes.contenttype",
    "pk": 28,
    "fields": { "app_label": "django_celery_beat", "model": "clockedschedule" }
  },
  {
    "model": "sessions.session",
    "pk": "0tkjv1ejstohtj1rrvqqdsdrsd309bk0",
    "fields": {
      "session_data": "eyJ2ay1vYXV0aDJfc3RhdGUiOiJUdXB1OWZHN0lmNmQ1VUpoNXZmb05nb2F1NHZKZ0I5NyJ9:1qEEgq:pWn67xyw1-5c49UEGXXByCirWBQlUKop7Pztc8bIflE",
      "expire_date": "2023-07-11T19:49:28.011Z"
    }
  },
  {
    "model": "sessions.session",
    "pk": "gsf0kqsun5wc04ciez2qjo0m2cgjx58g",
    "fields": {
      "session_data": "eyJ2ay1vYXV0aDJfc3RhdGUiOiIzS3dnTjREUnJpVUFZdEJxYXVsZjZVUFhnYjZaeWs2NiJ9:1qEEdD:JgVUGsFC15mZDgmaynSw1lxre3hqUicUb89Bn8tDUc0",
      "expire_date": "2023-07-11T19:45:43.920Z"
    }
  },
  {
    "model": "sessions.session",
    "pk": "o5ox4ij9vkv46f3p1mkyf024f7b7p7e0",
    "fields": {
      "session_data": ".eJxVjMsOgjAURP-la20uhdLWJbJDF4bEsCO3DyxiaMLDmBj_XUhY6Cxnzpw3qXGefD2PbqhbSw4kIbvfTqPpXL8O9o79LVAT-mloNV0Ruq0jPQfrHtnG_gk8jn55p0ZyDRAlACrWItVcSJTOKaksOA1oROIigwjMCtEwuQQY56m2SqY8WqTPbh9WL6vHCSe3SF9MF3kTIhvn19Kqiz91SSHjqjjOlYcyI58vBCBH7A:1qEEk4:K9Nibfgw_PvdYsMgyDJ-e_v4aG8SRzf441_BBezQ__4",
      "expire_date": "2023-07-11T19:52:48.471Z"
    }
  },
  {
    "model": "sessions.session",
    "pk": "r94o1t4933xdzivuz14pszfuixsi7jyw",
    "fields": {
      "session_data": "eyJyZWRpcmVjdF91cmkiOiJodHRwOi8vMC4wLjAuMDoxMzM3LzEyMy8iLCJ2ay1vYXV0aDJfc3RhdGUiOiJZa1U1N1JjRXJ1M0ZoaDB0TkJoNDNFT0xoOUttWkVvMiJ9:1qEDig:S7LkUYYc6DQCihaD4RixmooO9SgYbx29yXvJtoYM6tc",
      "expire_date": "2023-07-11T18:47:18.466Z"
    }
  },
  {
    "model": "sessions.session",
    "pk": "z79rlr3nj1a2taj0ya029s671u6u2u8f",
    "fields": {
      "session_data": ".eJxVj8sKwjAURP8lay1NTAzXnQqKFKsrXYabR21tbaFJRRH_3VZEdDvDmceDXMtxg13ImfIBgyMzcinOSbtK74wtF7eQHryM6fbUHbf7FNab8k5GRA2E6rxrVWF7RPxrGk3p6sHwjSmwUqZpXfRRfXQto0Oymw-l_1yOPu-hWFKOjAvQlIkpWG5pBjEayqzQmdNUTqiTmlNAABEbIQxOnYCJlcYwDn3op_cdXaEPqmpORf0z7HubPF8k3VWw:1qEEhO:w2WrnN3r0IXeZIyC-Fr-YjUPkg7d-V8faxDUbGQX4vs",
      "expire_date": "2023-07-11T19:50:02.912Z"
    }
  },
  {
    "model": "social_django.usersocialauth",
    "pk": 1,
    "fields": {
      "user": 3,
      "provider": "vk-oauth2",
      "uid": "391417754",
      "extra_data": "{\"auth_time\": 1687892311, \"id\": 391417754, \"expires\": 86400, \"access_token\": \"vk1.a.kn3oZiXIQzcBq6vclOdxNaS5G0b6lbRfxQY7GfkVBOdBZXnO9rYiYvMU-RNdQ58WQQMQ1fKJKigoFBHtYyspetJQys62GH0OZpkJU5jHo35n21jJv0p4n-Zek9olBI9Kw0jxTd5bxzacSuvRWIc5hUdlAcNi5EeOPHCQDMci3bBrcatoHPwBMqTEcJ7Zrhh5\", \"token_type\": null}",
      "created": "2023-06-25T21:24:46.553Z",
      "modified": "2023-06-27T18:58:31.422Z"
    }
  },
  {
    "model": "social_django.usersocialauth",
    "pk": 2,
    "fields": {
      "user": 5,
      "provider": "vk-oauth2",
      "uid": "477503899",
      "extra_data": "{\"auth_time\": 1687895402, \"id\": 477503899, \"expires\": 86399, \"access_token\": \"vk1.a.rpHmIYDgNEa-Kle5aYXkctOpeA_XaZD85_dYvNXZr6Y2YNV1NprI_ftufeGbyI_B1-UsnwWyJg0lgHp3RqiPqlzVzDsRWclHF2wZeu66NWlxONwVwRD4xjNFCIFi-DeeC4zWSkou0iZ9zeIVeoHWT8FbDB7RKuWi4s_22-KD8frEJYjpExNqsoQsRL3Clqu9\", \"token_type\": null}",
      "created": "2023-06-27T19:50:02.851Z",
      "modified": "2023-06-27T19:50:02.871Z"
    }
  },
  { "model": "shop.category", "pk": 1, "fields": { "name": "Айфоны" } },
  {
    "model": "shop.product",
    "pk": 1,
    "fields": {
      "name": "Айфон 11",
      "price": 0,
      "category": 1,
      "short_description": "",
      "description": "2023-06-27 20:47:11.404317+00:00",
      "created_at": "2023-06-27T20:47:11.401Z"
    }
  },
  {
    "model": "shop.image",
    "pk": 1,
    "fields": {
      "product": 1,
      "photo": "products/025.jpg",
      "description": "Ну вы поняли кароче"
    }
  },
  {
    "model": "shop.review",
    "pk": 1,
    "fields": {
      "user": 3,
      "product": 1,
      "title": "Govno",
      "text": "Не очень телефон",
      "rate": 5
    }
  },
  {
    "model": "shop.review",
    "pk": 2,
    "fields": {
      "user": 2,
      "product": 1,
      "title": "string",
      "text": "string",
      "rate": 0
    }
  },
  {
    "model": "shop.review",
    "pk": 3,
    "fields": {
      "user": 2,
      "product": 1,
      "title": "string",
      "text": "string",
      "rate": 0
    }
  },
  {
    "model": "shop.review",
    "pk": 4,
    "fields": {
      "user": 2,
      "product": 1,
      "title": "string",
      "text": "string",
      "rate": 0
    }
  },
  {
    "model": "shop.review",
    "pk": 5,
    "fields": {
      "user": 2,
      "product": 1,
      "title": "string",
      "text": "string",
      "rate": 0
    }
  },
  {
    "model": "shop.review",
    "pk": 6,
    "fields": {
      "user": 2,
      "product": 1,
      "title": "string",
      "text": "string",
      "rate": 0
    }
  },
  {
    "model": "shop.review",
    "pk": 7,
    "fields": {
      "user": 2,
      "product": 1,
      "title": "string",
      "text": "string",
      "rate": 0
    }
  },
  {
    "model": "shop.review",
    "pk": 8,
    "fields": {
      "user": 2,
      "product": 1,
      "title": "string",
      "text": "string",
      "rate": 0
    }
  },
  {
    "model": "shop.review",
    "pk": 9,
    "fields": {
      "user": 2,
      "product": 1,
      "title": "string",
      "text": "string",
      "rate": 0
    }
  },
  {
    "model": "shop.review",
    "pk": 10,
    "fields": {
      "user": 2,
      "product": 1,
      "title": "string",
      "text": "string",
      "rate": 0
    }
  },
  {
    "model": "shop.review",
    "pk": 11,
    "fields": {
      "user": 2,
      "product": 1,
      "title": "string",
      "text": "string",
      "rate": 0
    }
  },
  {
    "model": "shop.review",
    "pk": 12,
    "fields": {
      "user": 2,
      "product": 1,
      "title": "string",
      "text": "string",
      "rate": 0
    }
  },
  {
    "model": "shop.review",
    "pk": 13,
    "fields": {
      "user": 2,
      "product": 1,
      "title": "string",
      "text": "string",
      "rate": 0
    }
  },
  {
    "model": "shop.review",
    "pk": 14,
    "fields": {
      "user": 2,
      "product": 1,
      "title": "string",
      "text": "string",
      "rate": 0
    }
  },
  {
    "model": "shop.review",
    "pk": 15,
    "fields": {
      "user": 2,
      "product": 1,
      "title": "string",
      "text": "string",
      "rate": 0
    }
  },
  {
    "model": "shop.review",
    "pk": 16,
    "fields": {
      "user": 2,
      "product": 1,
      "title": "string",
      "text": "string",
      "rate": 0
    }
  },
  {
    "model": "shop.review",
    "pk": 17,
    "fields": {
      "user": 2,
      "product": 1,
      "title": "string",
      "text": "string",
      "rate": 0
    }
  },
  {
    "model": "shop.review",
    "pk": 18,
    "fields": {
      "user": 2,
      "product": 1,
      "title": "string",
      "text": "string",
      "rate": 0
    }
  },
  {
    "model": "shop.review",
    "pk": 19,
    "fields": {
      "user": 2,
      "product": 1,
      "title": "string",
      "text": "string",
      "rate": 0
    }
  },
  {
    "model": "shop.review",
    "pk": 20,
    "fields": {
      "user": 2,
      "product": 1,
      "title": "string",
      "text": "string",
      "rate": 0
    }
  },
  {
    "model": "shop.review",
    "pk": 21,
    "fields": {
      "user": 2,
      "product": 1,
      "title": "string",
      "text": "string",
      "rate": 0
    }
  },
  {
    "model": "shop.review",
    "pk": 22,
    "fields": {
      "user": 2,
      "product": 1,
      "title": "string",
      "text": "string",
      "rate": 0
    }
  },
  {
    "model": "shop.review",
    "pk": 23,
    "fields": {
      "user": 2,
      "product": 1,
      "title": "string",
      "text": "string",
      "rate": 0
    }
  },
  {
    "model": "shop.review",
    "pk": 24,
    "fields": {
      "user": 2,
      "product": 1,
      "title": "string",
      "text": "string",
      "rate": 0
    }
  },
  {
    "model": "shop.review",
    "pk": 25,
    "fields": {
      "user": 2,
      "product": 1,
      "title": "string",
      "text": "string",
      "rate": 0
    }
  },
  {
    "model": "shop.review",
    "pk": 26,
    "fields": {
      "user": 2,
      "product": 1,
      "title": "string",
      "text": "string",
      "rate": 0
    }
  },
  {
    "model": "shop.review",
    "pk": 27,
    "fields": {
      "user": 2,
      "product": 1,
      "title": "string",
      "text": "string",
      "rate": 0
    }
  },
  {
    "model": "shop.review",
    "pk": 28,
    "fields": {
      "user": 2,
      "product": 1,
      "title": "string",
      "text": "string",
      "rate": 0
    }
  },
  {
    "model": "shop.review",
    "pk": 29,
    "fields": {
      "user": 2,
      "product": 1,
      "title": "string",
      "text": "string",
      "rate": 0
    }
  },
  {
    "model": "shop.review",
    "pk": 30,
    "fields": {
      "user": 2,
      "product": 1,
      "title": "string",
      "text": "string",
      "rate": 0
    }
  },
  {
    "model": "shop.review",
    "pk": 31,
    "fields": {
      "user": 2,
      "product": 1,
      "title": "string",
      "text": "string",
      "rate": 0
    }
  },
  {
    "model": "shop.review",
    "pk": 32,
    "fields": {
      "user": 2,
      "product": 1,
      "title": "string",
      "text": "string",
      "rate": 0
    }
  },
  {
    "model": "shop.review",
    "pk": 33,
    "fields": {
      "user": 2,
      "product": 1,
      "title": "string",
      "text": "string",
      "rate": 0
    }
  },
  {
    "model": "shop.review",
    "pk": 34,
    "fields": {
      "user": 2,
      "product": 1,
      "title": "string",
      "text": "string",
      "rate": 0
    }
  },
  {
    "model": "shop.review",
    "pk": 35,
    "fields": {
      "user": 2,
      "product": 1,
      "title": "string",
      "text": "string",
      "rate": 0
    }
  },
  {
    "model": "shop.review",
    "pk": 36,
    "fields": {
      "user": 2,
      "product": 1,
      "title": "string",
      "text": "string",
      "rate": 0
    }
  },
  {
    "model": "shop.review",
    "pk": 37,
    "fields": {
      "user": 2,
      "product": 1,
      "title": "string",
      "text": "string",
      "rate": 0
    }
  },
  {
    "model": "shop.review",
    "pk": 38,
    "fields": {
      "user": 2,
      "product": 1,
      "title": "string",
      "text": "string",
      "rate": 0
    }
  },
  {
    "model": "shop.specification",
    "pk": 1,
    "fields": { "name": "Количество" }
  },
  {
    "model": "shop.productspecification",
    "pk": 1,
    "fields": { "product": 1, "specification": 1, "value": "Миллион" }
  }
]
